{
  "nodeLayouts": {
    "inputs": {
      "x": 747.5,
      "y": 42,
      "index": -1
    },
    "outputs": {
      "x": 809.2459795167488,
      "y": 1140.9733287839897,
      "index": -1
    },
    "setup_env": {
      "x": 282.3609725787882,
      "y": 130.35294328345626,
      "index": 0
    },
    "download_tool": {
      "x": 829.4918994697775,
      "y": 191.73260527284998,
      "index": 1
    },
    "build_index_tool": {
      "x": 818.0802599517001,
      "y": 356.85565137518495,
      "index": 2
    },
    "find_context_tool": {
      "x": 799.4919944496316,
      "y": 484.63100416277626,
      "index": 3
    },
    "qna_tool": {
      "x": 241.58289680853815,
      "y": 572.9839711911962,
      "index": 4
    },
    "rewrite_question_tool": {
      "x": 257.1068748237498,
      "y": 259.1657847630428,
      "index": 5
    },
    "parse_score": {
      "x": 819.8288376893934,
      "y": 913.6043329467659,
      "index": 6
    },
    "aggregate": {
      "x": 237.51866566564206,
      "y": 934.5239780152117,
      "index": 7
    },
    "gpt_groundedness": {
      "x": 793.8929738524355,
      "y": 715.2834533178138,
      "index": 8
    }
  },
  "orientation": "Vertical"
}